{"timestamp": 1772727748.0866303, "metrics": {"stt_latency_ms": 0.0, "language_latency_ms": 179.78143692016602, "agent_latency_ms": 0.0, "tool_latency_ms": 0.0, "tts_latency_ms": 0.0, "total_latency_ms": 179.78143692016602}}
